[
    {
      "_id": "61c34e48335b966e6d1523af",
      "title": "Butter Chicken",
      "desc": "",
      "img": "../images/Butter-chicken-6.jpg",
      "categories": [
        "non-veg",
        "chicken"
      ],
      "price": 399,
      "inStock": true,
      "createdAt": "",
      "updatedAt": "",
      "__v": 0
    },
    
    {
      "_id": "61d5d627a4ca86a32678150a",
      "title": "Tandoori Roti",
      "desc": "",
      "img": "../images/1623047819928_SKU-0035_0.webp",
      "categories": [
        "veg",
        "roti"
      ],
      "price": 45,
      "inStock": true,
      "createdAt": "",
      "updatedAt": "",
      "__v": 0
    },
   
    
    {
      "_id": "61d6d0abb242ba43768d71ce",
      "title": "Chilli chicken",
      "desc": "",
      "img": "../images/chillichicken.jpg",
      "categories": [],
      "price": 160,
      "inStock": true,
      "createdAt": "",
      "updatedAt": "",
      "__v": 0
    },
    {
      "_id": "61f6c236be5aed3c7a61714a",
      "title": "Virgin Mojito",
      "desc": "",
      "img": "../images/virgin-mojito.webp",
      "categories": [],
      "price": 65,
      "inStock": true,
      "createdAt": "",
      "updatedAt": "",
      "__v": 0
    },
    {
      "_id": "gcashu01",
      "title": "Idly",
      "desc": "",
      "img": "../images/Idly.jpg",
      "categories": [],
      "price": 30,
      "inStock": true,
      "createdAt": "",
      "updatedAt": "",
      "__v": 0
    },
    {
      "_id": "xyz02",
      "title": "Rice bath",
      "desc": "",
      "img": "../images/ricebath.jpg",
      "categories": [],
      "price": 100,
      "inStock": true,
      "createdAt": "",
      "updatedAt": "",
      "__v": 0
    },
     {
      "_id": "abc03",
      "title": "Veg Burger",
      "desc": "",
      "img": "../images/vegburger.jpg",
      "categories": [],
      "price": 360,
      "inStock": true,
      "createdAt": "",
      "updatedAt": "",
      "__v": 0
    },
    {
      "_id": "anju04",
      "title": "Hot Chocolate fudge",
      "desc": "",
      "img": "../images/hotchocolate.jpg",
      "categories": [],
      "price": 125,
      "inStock": true,
      "createdAt": "",
      "updatedAt": "",
      "__v": 0
    }
    
    
  ]